aaltmanroberti	http://execute_aux.org/auxBelongsTo	http://execute_aux.org/auxC1_-1
aapprederisfranck	http://execute_aux.org/auxBelongsTo	http://execute_aux.org/auxC2_-1
abattiatofranco	http://execute_aux.org/auxBelongsTo	http://execute_aux.org/auxC0_-1
abonnetchristiani	http://execute_aux.org/auxBelongsTo	http://execute_aux.org/auxC3_-1
abraunbettinai	http://execute_aux.org/auxBelongsTo	http://execute_aux.org/auxC0_-1
acatonjonesmichael	http://execute_aux.org/auxBelongsTo	http://execute_aux.org/auxC3_-1
aengelhardtwilhelm	http://execute_aux.org/auxBelongsTo	http://execute_aux.org/auxC0_-1
agrimaldiaurelioi	http://execute_aux.org/auxBelongsTo	http://execute_aux.org/auxC2_-1
agustemmanuelii	http://execute_aux.org/auxBelongsTo	http://execute_aux.org/auxC3_-1
agutjahrrainer	http://execute_aux.org/auxBelongsTo	http://execute_aux.org/auxC0_-1
akappesstphane	http://execute_aux.org/auxBelongsTo	http://execute_aux.org/auxC3_-1
akinkelmartin	http://execute_aux.org/auxBelongsTo	http://execute_aux.org/auxC0_-1
aklischstefan	http://execute_aux.org/auxBelongsTo	http://execute_aux.org/auxC0_-1
akrgnther	http://execute_aux.org/auxBelongsTo	http://execute_aux.org/auxC0_-1
akronthalerthomas	http://execute_aux.org/auxBelongsTo	http://execute_aux.org/auxC0_-1
aladogedominique	http://execute_aux.org/auxBelongsTo	http://execute_aux.org/auxC3_-1
amarinovichanton	http://execute_aux.org/auxBelongsTo	http://execute_aux.org/auxC0_-1
ametcalfestephen	http://execute_aux.org/auxBelongsTo	http://execute_aux.org/auxC0_-1
amillergeorgei	http://execute_aux.org/auxBelongsTo	http://execute_aux.org/auxC2_-1
apakulaalanj	http://execute_aux.org/auxBelongsTo	http://execute_aux.org/auxC4_-1
apunchevborislav	http://execute_aux.org/auxBelongsTo	http://execute_aux.org/auxC0_-1
aromeclaudemichel	http://execute_aux.org/auxBelongsTo	http://execute_aux.org/auxC3_-1
asciveresmarianna	http://execute_aux.org/auxBelongsTo	http://execute_aux.org/auxC3_-1
asoderberghsteven	http://execute_aux.org/auxBelongsTo	http://execute_aux.org/auxC0_-1
astephanbernhard	http://execute_aux.org/auxBelongsTo	http://execute_aux.org/auxC2_-1
asummereric	http://execute_aux.org/auxBelongsTo	http://execute_aux.org/auxC3_-1
asurchadzhievstefani	http://execute_aux.org/auxBelongsTo	http://execute_aux.org/auxC4_-1
atonetticlaudio	http://execute_aux.org/auxBelongsTo	http://execute_aux.org/auxC3_-1
atraykovatanas	http://execute_aux.org/auxBelongsTo	http://execute_aux.org/auxC4_-1
avergnejeanpierre	http://execute_aux.org/auxBelongsTo	http://execute_aux.org/auxC0_-1
averhoevenpauli	http://execute_aux.org/auxBelongsTo	http://execute_aux.org/auxC0_-1
azensmichael	http://execute_aux.org/auxBelongsTo	http://execute_aux.org/auxC1_-1
aalancpeterson	http://execute_aux.org/auxBelongsTo	http://execute_aux.org/auxC4_-1
aalexandrawinisky	http://execute_aux.org/auxBelongsTo	http://execute_aux.org/auxC2_-1
aalicjajachiewicz	http://execute_aux.org/auxBelongsTo	http://execute_aux.org/auxC1_-1
aandreasschwaiger	http://execute_aux.org/auxBelongsTo	http://execute_aux.org/auxC0_-1
aandygarcia	http://execute_aux.org/auxBelongsTo	http://execute_aux.org/auxC2_-1
aangelahall	http://execute_aux.org/auxBelongsTo	http://execute_aux.org/auxC2_-1
aangelinasarova	http://execute_aux.org/auxBelongsTo	http://execute_aux.org/auxC1_-1
aannamariagherardi	http://execute_aux.org/auxBelongsTo	http://execute_aux.org/auxC1_-1
aannejacques	http://execute_aux.org/auxBelongsTo	http://execute_aux.org/auxC1_-1
aanthonyheald	http://execute_aux.org/auxBelongsTo	http://execute_aux.org/auxC3_-1
aantoniettacarbonetti	http://execute_aux.org/auxBelongsTo	http://execute_aux.org/auxC1_-1
aantoninobruschetta	http://execute_aux.org/auxBelongsTo	http://execute_aux.org/auxC4_-1
aantonradichev	http://execute_aux.org/auxBelongsTo	http://execute_aux.org/auxC3_-1
aarmelledeutsch	http://execute_aux.org/auxBelongsTo	http://execute_aux.org/auxC1_-1
aauroraquattrocchi	http://execute_aux.org/auxBelongsTo	http://execute_aux.org/auxC2_-1
abarbaratabita	http://execute_aux.org/auxBelongsTo	http://execute_aux.org/auxC3_-1
abenjaminmouton	http://execute_aux.org/auxBelongsTo	http://execute_aux.org/auxC0_-1
abenjohnson	http://execute_aux.org/auxBelongsTo	http://execute_aux.org/auxC0_-1
aberniemac	http://execute_aux.org/auxBelongsTo	http://execute_aux.org/auxC1_-1
abiagiobarone	http://execute_aux.org/auxBelongsTo	http://execute_aux.org/auxC3_-1
abillcable	http://execute_aux.org/auxBelongsTo	http://execute_aux.org/auxC3_-1
abillyconnolly	http://execute_aux.org/auxBelongsTo	http://execute_aux.org/auxC3_-1
abogomilsimeonov	http://execute_aux.org/auxBelongsTo	http://execute_aux.org/auxC3_-1
abradpitt	http://execute_aux.org/auxBelongsTo	http://execute_aux.org/auxC1_-1
abrigittefossey	http://execute_aux.org/auxBelongsTo	http://execute_aux.org/auxC0_-1
abrionjames	http://execute_aux.org/auxBelongsTo	http://execute_aux.org/auxC2_-1
abrnicebejo	http://execute_aux.org/auxBelongsTo	http://execute_aux.org/auxC4_-1
abruceayoung	http://execute_aux.org/auxBelongsTo	http://execute_aux.org/auxC1_-1
acaitlinoheaney	http://execute_aux.org/auxBelongsTo	http://execute_aux.org/auxC2_-1
acarmelogalati	http://execute_aux.org/auxBelongsTo	http://execute_aux.org/auxC3_-1
acarolflorence	http://execute_aux.org/auxBelongsTo	http://execute_aux.org/auxC1_-1
acaseyaffleck	http://execute_aux.org/auxBelongsTo	http://execute_aux.org/auxC2_-1
acatherinezetajones	http://execute_aux.org/auxBelongsTo	http://execute_aux.org/auxC2_-1
accilecassel	http://execute_aux.org/auxBelongsTo	http://execute_aux.org/auxC1_-1
aceceliaannbirt	http://execute_aux.org/auxBelongsTo	http://execute_aux.org/auxC1_-1
acesareapolito	http://execute_aux.org/auxBelongsTo	http://execute_aux.org/auxC2_-1
acharlotterampling	http://execute_aux.org/auxBelongsTo	http://execute_aux.org/auxC1_-1
achelcieross	http://execute_aux.org/auxBelongsTo	http://execute_aux.org/auxC1_-1
aclaudiamessner	http://execute_aux.org/auxBelongsTo	http://execute_aux.org/auxC1_-1
aconnorwiddows	http://execute_aux.org/auxBelongsTo	http://execute_aux.org/auxC2_-1
aconsuelolupo	http://execute_aux.org/auxBelongsTo	http://execute_aux.org/auxC0_-1
acoralyzahonero	http://execute_aux.org/auxBelongsTo	http://execute_aux.org/auxC1_-1
acorradofortuna	http://execute_aux.org/auxBelongsTo	http://execute_aux.org/auxC2_-1
acynthiastevenson	http://execute_aux.org/auxBelongsTo	http://execute_aux.org/auxC1_-1
adanielegalea	http://execute_aux.org/auxBelongsTo	http://execute_aux.org/auxC3_-1
adanielvonbargen	http://execute_aux.org/auxBelongsTo	http://execute_aux.org/auxC4_-1
adannflorek	http://execute_aux.org/auxBelongsTo	http://execute_aux.org/auxC1_-1
adavidarnett	http://execute_aux.org/auxBelongsTo	http://execute_aux.org/auxC0_-1
adavidmorrissey	http://execute_aux.org/auxBelongsTo	http://execute_aux.org/auxC4_-1
adavidsontag	http://execute_aux.org/auxBelongsTo	http://execute_aux.org/auxC2_-1
adavidthewlis	http://execute_aux.org/auxBelongsTo	http://execute_aux.org/auxC4_-1
adeanstockwell	http://execute_aux.org/auxBelongsTo	http://execute_aux.org/auxC4_-1
adebraengle	http://execute_aux.org/auxBelongsTo	http://execute_aux.org/auxC2_-1
adenisarndt	http://execute_aux.org/auxBelongsTo	http://execute_aux.org/auxC1_-1
adenzelwashington	http://execute_aux.org/auxBelongsTo	http://execute_aux.org/auxC0_-1
adidierdijoux	http://execute_aux.org/auxBelongsTo	http://execute_aux.org/auxC3_-1
adietermann	http://execute_aux.org/auxBelongsTo	http://execute_aux.org/auxC1_-1
adillonmoen	http://execute_aux.org/auxBelongsTo	http://execute_aux.org/auxC3_-1
adimitarhadzhiyanev	http://execute_aux.org/auxBelongsTo	http://execute_aux.org/auxC4_-1
adinaconnolly	http://execute_aux.org/auxBelongsTo	http://execute_aux.org/auxC1_-1
adinamerrill	http://execute_aux.org/auxBelongsTo	http://execute_aux.org/auxC3_-1
adonatellafinocchiaro	http://execute_aux.org/auxBelongsTo	http://execute_aux.org/auxC1_-1
adontiffany	http://execute_aux.org/auxBelongsTo	http://execute_aux.org/auxC3_-1
adorothymalone	http://execute_aux.org/auxBelongsTo	http://execute_aux.org/auxC1_-1
aeddasabatini	http://execute_aux.org/auxBelongsTo	http://execute_aux.org/auxC2_-1
aeddiejemison	http://execute_aux.org/auxBelongsTo	http://execute_aux.org/auxC1_-1
aedkross	http://execute_aux.org/auxBelongsTo	http://execute_aux.org/auxC3_-1
aellenthomas	http://execute_aux.org/auxBelongsTo	http://execute_aux.org/auxC3_-1
aelliottgould	http://execute_aux.org/auxBelongsTo	http://execute_aux.org/auxC1_-1
aemiliaradeva	http://execute_aux.org/auxBelongsTo	http://execute_aux.org/auxC3_-1
aemilmarkov	http://execute_aux.org/auxBelongsTo	http://execute_aux.org/auxC1_-1
aenzodimartino	http://execute_aux.org/auxBelongsTo	http://execute_aux.org/auxC1_-1
aestefanacastro	http://execute_aux.org/auxBelongsTo	http://execute_aux.org/auxC2_-1
afabiolobello	http://execute_aux.org/auxBelongsTo	http://execute_aux.org/auxC4_-1
afirminerichard	http://execute_aux.org/auxBelongsTo	http://execute_aux.org/auxC3_-1
afloramontgomery	http://execute_aux.org/auxBelongsTo	http://execute_aux.org/auxC3_-1
afrancishuster	http://execute_aux.org/auxBelongsTo	http://execute_aux.org/auxC4_-1
afrancomirabella	http://execute_aux.org/auxBelongsTo	http://execute_aux.org/auxC1_-1
afrankcturner	http://execute_aux.org/auxBelongsTo	http://execute_aux.org/auxC0_-1
afrankpatton	http://execute_aux.org/auxBelongsTo	http://execute_aux.org/auxC1_-1
afranoisechristophe	http://execute_aux.org/auxBelongsTo	http://execute_aux.org/auxC1_-1
afredward	http://execute_aux.org/auxBelongsTo	http://execute_aux.org/auxC4_-1
agabrieleferzetti	http://execute_aux.org/auxBelongsTo	http://execute_aux.org/auxC1_-1
agabriellelazure	http://execute_aux.org/auxBelongsTo	http://execute_aux.org/auxC1_-1
aganchoganchev	http://execute_aux.org/auxBelongsTo	http://execute_aux.org/auxC4_-1
ageorgeclooney	http://execute_aux.org/auxBelongsTo	http://execute_aux.org/auxC2_-1
ageorgedzundza	http://execute_aux.org/auxBelongsTo	http://execute_aux.org/auxC3_-1
ageorgistamatov	http://execute_aux.org/auxBelongsTo	http://execute_aux.org/auxC1_-1
agerdlohmeyer	http://execute_aux.org/auxBelongsTo	http://execute_aux.org/auxC2_-1
agesinecukrowski	http://execute_aux.org/auxBelongsTo	http://execute_aux.org/auxC1_-1
agiancarloscuderi	http://execute_aux.org/auxBelongsTo	http://execute_aux.org/auxC2_-1
agilbellows	http://execute_aux.org/auxBelongsTo	http://execute_aux.org/auxC1_-1
aginachiarelli	http://execute_aux.org/auxBelongsTo	http://execute_aux.org/auxC1_-1
agretascacchi	http://execute_aux.org/auxBelongsTo	http://execute_aux.org/auxC2_-1
aguillaumeromain	http://execute_aux.org/auxBelongsTo	http://execute_aux.org/auxC3_-1
agusmercurio	http://execute_aux.org/auxBelongsTo	http://execute_aux.org/auxC0_-1
aheathcotewilliams	http://execute_aux.org/auxBelongsTo	http://execute_aux.org/auxC3_-1
ahorstkummeth	http://execute_aux.org/auxBelongsTo	http://execute_aux.org/auxC3_-1
ahristodinev	http://execute_aux.org/auxBelongsTo	http://execute_aux.org/auxC4_-1
ahubertmulzer	http://execute_aux.org/auxBelongsTo	http://execute_aux.org/auxC0_-1
ahughdancy	http://execute_aux.org/auxBelongsTo	http://execute_aux.org/auxC4_-1
ahughkeaysbyrne	http://execute_aux.org/auxBelongsTo	http://execute_aux.org/auxC2_-1
ahumecronyn	http://execute_aux.org/auxBelongsTo	http://execute_aux.org/auxC3_-1
aianholm	http://execute_aux.org/auxBelongsTo	http://execute_aux.org/auxC1_-1
aileanarigano	http://execute_aux.org/auxBelongsTo	http://execute_aux.org/auxC2_-1
aindiravarma	http://execute_aux.org/auxBelongsTo	http://execute_aux.org/auxC4_-1
aivanbratanov	http://execute_aux.org/auxBelongsTo	http://execute_aux.org/auxC1_-1
aivandimov	http://execute_aux.org/auxBelongsTo	http://execute_aux.org/auxC3_-1
aivangrigorov	http://execute_aux.org/auxBelongsTo	http://execute_aux.org/auxC0_-1
aivankondov	http://execute_aux.org/auxBelongsTo	http://execute_aux.org/auxC1_-1
aivantonev	http://execute_aux.org/auxBelongsTo	http://execute_aux.org/auxC1_-1
ajackmcgee	http://execute_aux.org/auxBelongsTo	http://execute_aux.org/auxC0_-1
ajaimzwoolvett	http://execute_aux.org/auxBelongsTo	http://execute_aux.org/auxC0_-1
ajamessikking	http://execute_aux.org/auxBelongsTo	http://execute_aux.org/auxC4_-1
ajanchappell	http://execute_aux.org/auxBelongsTo	http://execute_aux.org/auxC4_-1
ajannowicki	http://execute_aux.org/auxBelongsTo	http://execute_aux.org/auxC4_-1
ajeannetripplehorn	http://execute_aux.org/auxBelongsTo	http://execute_aux.org/auxC1_-1
ajohnfinn	http://execute_aux.org/auxBelongsTo	http://execute_aux.org/auxC4_-1
ajohnheard	http://execute_aux.org/auxBelongsTo	http://execute_aux.org/auxC0_-1
ajohnlithgow	http://execute_aux.org/auxBelongsTo	http://execute_aux.org/auxC3_-1
ajorgerhernandez	http://execute_aux.org/auxBelongsTo	http://execute_aux.org/auxC1_-1
ajrggudzuhn	http://execute_aux.org/auxBelongsTo	http://execute_aux.org/auxC1_-1
ajuliaroberts	http://execute_aux.org/auxBelongsTo	http://execute_aux.org/auxC1_-1
ajuliedray	http://execute_aux.org/auxBelongsTo	http://execute_aux.org/auxC1_-1
ajurneesmollett	http://execute_aux.org/auxBelongsTo	http://execute_aux.org/auxC1_-1
ajustinmonjo	http://execute_aux.org/auxBelongsTo	http://execute_aux.org/auxC2_-1
ajuttawachowiak	http://execute_aux.org/auxBelongsTo	http://execute_aux.org/auxC2_-1
akarinthaler	http://execute_aux.org/auxBelongsTo	http://execute_aux.org/auxC0_-1
akirilyanev	http://execute_aux.org/auxBelongsTo	http://execute_aux.org/auxC2_-1
akonstanzebreitebner	http://execute_aux.org/auxBelongsTo	http://execute_aux.org/auxC2_-1
akostatsonev	http://execute_aux.org/auxBelongsTo	http://execute_aux.org/auxC3_-1
akunkabaeva	http://execute_aux.org/auxBelongsTo	http://execute_aux.org/auxC1_-1
alarrysontag	http://execute_aux.org/auxBelongsTo	http://execute_aux.org/auxC3_-1
alaurabetti	http://execute_aux.org/auxBelongsTo	http://execute_aux.org/auxC2_-1
aleahayres	http://execute_aux.org/auxBelongsTo	http://execute_aux.org/auxC1_-1
aleilanisarelle	http://execute_aux.org/auxBelongsTo	http://execute_aux.org/auxC1_-1
aleonardlansink	http://execute_aux.org/auxBelongsTo	http://execute_aux.org/auxC1_-1
alewissmith	http://execute_aux.org/auxBelongsTo	http://execute_aux.org/auxC1_-1
alloydalan	http://execute_aux.org/auxBelongsTo	http://execute_aux.org/auxC4_-1
aloccorbery	http://execute_aux.org/auxBelongsTo	http://execute_aux.org/auxC2_-1
alorigalinski	http://execute_aux.org/auxBelongsTo	http://execute_aux.org/auxC1_-1
alucavitrano	http://execute_aux.org/auxBelongsTo	http://execute_aux.org/auxC4_-1
aluciacammalleri	http://execute_aux.org/auxBelongsTo	http://execute_aux.org/auxC1_-1
aluciasardo	http://execute_aux.org/auxBelongsTo	http://execute_aux.org/auxC3_-1
aludwigbriand	http://execute_aux.org/auxBelongsTo	http://execute_aux.org/auxC4_-1
alylelovett	http://execute_aux.org/auxBelongsTo	http://execute_aux.org/auxC4_-1
alyubomirbachvarov	http://execute_aux.org/auxBelongsTo	http://execute_aux.org/auxC0_-1
alyubomirbobchevski	http://execute_aux.org/auxBelongsTo	http://execute_aux.org/auxC4_-1
alyubomirkanev	http://execute_aux.org/auxBelongsTo	http://execute_aux.org/auxC0_-1
amanliosgalambro	http://execute_aux.org/auxBelongsTo	http://execute_aux.org/auxC3_-1
amanueladolcemascolo	http://execute_aux.org/auxBelongsTo	http://execute_aux.org/auxC1_-1
amarccaleb	http://execute_aux.org/auxBelongsTo	http://execute_aux.org/auxC3_-1
amarcocavicchioli	http://execute_aux.org/auxBelongsTo	http://execute_aux.org/auxC2_-1
amarcoleonardi	http://execute_aux.org/auxBelongsTo	http://execute_aux.org/auxC2_-1
amarcospicuglia	http://execute_aux.org/auxBelongsTo	http://execute_aux.org/auxC1_-1
amarenschumacher	http://execute_aux.org/auxBelongsTo	http://execute_aux.org/auxC1_-1
amariashopova	http://execute_aux.org/auxBelongsTo	http://execute_aux.org/auxC1_-1
amarisaburger	http://execute_aux.org/auxBelongsTo	http://execute_aux.org/auxC0_-1
amarkgantt	http://execute_aux.org/auxBelongsTo	http://execute_aux.org/auxC1_-1
amarksangster	http://execute_aux.org/auxBelongsTo	http://execute_aux.org/auxC3_-1
amarkusbker	http://execute_aux.org/auxBelongsTo	http://execute_aux.org/auxC0_-1
amaurizionicolosi	http://execute_aux.org/auxBelongsTo	http://execute_aux.org/auxC3_-1
amaurolenares	http://execute_aux.org/auxBelongsTo	http://execute_aux.org/auxC3_-1
amaxmller	http://execute_aux.org/auxBelongsTo	http://execute_aux.org/auxC0_-1
amichaeldouglas	http://execute_aux.org/auxBelongsTo	http://execute_aux.org/auxC2_-1
amichalbajor	http://execute_aux.org/auxBelongsTo	http://execute_aux.org/auxC4_-1
amiguelferrer	http://execute_aux.org/auxBelongsTo	http://execute_aux.org/auxC2_-1
amikhailmikhajlov	http://execute_aux.org/auxBelongsTo	http://execute_aux.org/auxC3_-1
aminianden	http://execute_aux.org/auxBelongsTo	http://execute_aux.org/auxC2_-1
aneilmaskell	http://execute_aux.org/auxBelongsTo	http://execute_aux.org/auxC4_-1
anelsonpeltz	http://execute_aux.org/auxBelongsTo	http://execute_aux.org/auxC4_-1
anevenakokanova	http://execute_aux.org/auxBelongsTo	http://execute_aux.org/auxC4_-1
anicholaswoodeson	http://execute_aux.org/auxBelongsTo	http://execute_aux.org/auxC3_-1
anicolegrimaudo	http://execute_aux.org/auxBelongsTo	http://execute_aux.org/auxC1_-1
anikoladadov	http://execute_aux.org/auxBelongsTo	http://execute_aux.org/auxC2_-1
anormanarmour	http://execute_aux.org/auxBelongsTo	http://execute_aux.org/auxC0_-1
apaolaciampi	http://execute_aux.org/auxBelongsTo	http://execute_aux.org/auxC1_-1
apatricejuiff	http://execute_aux.org/auxBelongsTo	http://execute_aux.org/auxC1_-1
apaullnolan	http://execute_aux.org/auxBelongsTo	http://execute_aux.org/auxC1_-1
apenlopecruz	http://execute_aux.org/auxBelongsTo	http://execute_aux.org/auxC1_-1
apetardespotov	http://execute_aux.org/auxBelongsTo	http://execute_aux.org/auxC4_-1
apetergallagher	http://execute_aux.org/auxBelongsTo	http://execute_aux.org/auxC4_-1
apetyasilyanova	http://execute_aux.org/auxBelongsTo	http://execute_aux.org/auxC1_-1
apieradegliesposti	http://execute_aux.org/auxBelongsTo	http://execute_aux.org/auxC3_-1
apierrearditi	http://execute_aux.org/auxBelongsTo	http://execute_aux.org/auxC1_-1
aradarassimov	http://execute_aux.org/auxBelongsTo	http://execute_aux.org/auxC1_-1
araffaeladavi	http://execute_aux.org/auxBelongsTo	http://execute_aux.org/auxC1_-1
arenateschroeter	http://execute_aux.org/auxBelongsTo	http://execute_aux.org/auxC3_-1
arichardegrant	http://execute_aux.org/auxBelongsTo	http://execute_aux.org/auxC4_-1
arobertculp	http://execute_aux.org/auxBelongsTo	http://execute_aux.org/auxC4_-1
arobyndouglass	http://execute_aux.org/auxBelongsTo	http://execute_aux.org/auxC1_-1
asalvatorelazzaro	http://execute_aux.org/auxBelongsTo	http://execute_aux.org/auxC2_-1
asamantharnier	http://execute_aux.org/auxBelongsTo	http://execute_aux.org/auxC1_-1
asamshepard	http://execute_aux.org/auxBelongsTo	http://execute_aux.org/auxC3_-1
asaromiano	http://execute_aux.org/auxBelongsTo	http://execute_aux.org/auxC3_-1
asavahashamov	http://execute_aux.org/auxBelongsTo	http://execute_aux.org/auxC2_-1
ascottcaan	http://execute_aux.org/auxBelongsTo	http://execute_aux.org/auxC2_-1
aserenaautieri	http://execute_aux.org/auxBelongsTo	http://execute_aux.org/auxC3_-1
asharonstone	http://execute_aux.org/auxBelongsTo	http://execute_aux.org/auxC1_-1
asheilapaterson	http://execute_aux.org/auxBelongsTo	http://execute_aux.org/auxC1_-1
asonyadjulgerova	http://execute_aux.org/auxBelongsTo	http://execute_aux.org/auxC3_-1
asotirmaynolovski	http://execute_aux.org/auxBelongsTo	http://execute_aux.org/auxC3_-1
astancollymore	http://execute_aux.org/auxBelongsTo	http://execute_aux.org/auxC3_-1
astanleyanderson	http://execute_aux.org/auxBelongsTo	http://execute_aux.org/auxC4_-1
astanleytucci	http://execute_aux.org/auxBelongsTo	http://execute_aux.org/auxC3_-1
astefandanailov	http://execute_aux.org/auxBelongsTo	http://execute_aux.org/auxC4_-1
astefanodionisi	http://execute_aux.org/auxBelongsTo	http://execute_aux.org/auxC2_-1
astefanpejchev	http://execute_aux.org/auxBelongsTo	http://execute_aux.org/auxC3_-1
astefanpetrov	http://execute_aux.org/auxBelongsTo	http://execute_aux.org/auxC4_-1
astephentobolowsky	http://execute_aux.org/auxBelongsTo	http://execute_aux.org/auxC4_-1
astevekalfa	http://execute_aux.org/auxBelongsTo	http://execute_aux.org/auxC3_-1
astevekuhn	http://execute_aux.org/auxBelongsTo	http://execute_aux.org/auxC0_-1
astoychomazgalov	http://execute_aux.org/auxBelongsTo	http://execute_aux.org/auxC1_-1
asydneypollack	http://execute_aux.org/auxBelongsTo	http://execute_aux.org/auxC4_-1
aterenceharvey	http://execute_aux.org/auxBelongsTo	http://execute_aux.org/auxC3_-1
atheresascholze	http://execute_aux.org/auxBelongsTo	http://execute_aux.org/auxC1_-1
athomasstielner	http://execute_aux.org/auxBelongsTo	http://execute_aux.org/auxC0_-1
atimberrington	http://execute_aux.org/auxBelongsTo	http://execute_aux.org/auxC2_-1
atimothypaulperez	http://execute_aux.org/auxBelongsTo	http://execute_aux.org/auxC2_-1
atimrobbins	http://execute_aux.org/auxBelongsTo	http://execute_aux.org/auxC4_-1
atizianalodato	http://execute_aux.org/auxBelongsTo	http://execute_aux.org/auxC0_-1
atommikulla	http://execute_aux.org/auxBelongsTo	http://execute_aux.org/auxC0_-1
atonygoldwyn	http://execute_aux.org/auxBelongsTo	http://execute_aux.org/auxC2_-1
atzenokandov	http://execute_aux.org/auxBelongsTo	http://execute_aux.org/auxC4_-1
atzvetolyubrakovski	http://execute_aux.org/auxBelongsTo	http://execute_aux.org/auxC4_-1
aulrichmhe	http://execute_aux.org/auxBelongsTo	http://execute_aux.org/auxC1_-1
avannifois	http://execute_aux.org/auxBelongsTo	http://execute_aux.org/auxC2_-1
aviktordanchenko	http://execute_aux.org/auxBelongsTo	http://execute_aux.org/auxC1_-1
avincentdonofrio	http://execute_aux.org/auxBelongsTo	http://execute_aux.org/auxC1_-1
avincentlecoeur	http://execute_aux.org/auxBelongsTo	http://execute_aux.org/auxC4_-1
avincenzocrivello	http://execute_aux.org/auxBelongsTo	http://execute_aux.org/auxC3_-1
avolkerranisch	http://execute_aux.org/auxBelongsTo	http://execute_aux.org/auxC1_-1
avyarakovacheva	http://execute_aux.org/auxBelongsTo	http://execute_aux.org/auxC3_-1
awayneknight	http://execute_aux.org/auxBelongsTo	http://execute_aux.org/auxC3_-1
awhoopigoldberg	http://execute_aux.org/auxBelongsTo	http://execute_aux.org/auxC1_-1
awilliamatherton	http://execute_aux.org/auxBelongsTo	http://execute_aux.org/auxC3_-1
